player_name,offense_points,defense_points,overall_points,total_seasons,primary_position,tag
Mohit Chhillar,0.272953218954813,59.182355433029535,25.942402206438334,7,"Defender, right corner",defender
Amit Kumar,15.787181280100793,30.7187437390192,19.58368508395666,3,Raider,allrounder
Anup Kumar,36.93954817761829,15.345082219448456,26.297772664698424,6,Raider,raider
Ravinder Pahal,0.6194508457272792,70.14651859066974,30.745412164802712,7,"Defender, right corner",defender
Ajay Thakur,46.08752480737815,3.2559277566382634,26.01690096366309,7,Raider,raider
Deepak Niwas Hooda,39.63934089375554,14.541227713443025,28.578925081284385,7,All Rounder,raider
Sumit,0.6593075501415815,79.49564871666215,34.77200960699249,1,"Defender, left corner",defender
