player_name,offense_points,defense_points,overall_points,total_seasons,primary_position,tag
Manjeet Chhillar,11.281003204176203,65.26306808445725,34.95367187588699,7,All Rounder,allrounder
Sachin,53.98145556894224,12.25002409110429,35.869285630956284,1,Raider,raider
Siddharth Sirish Desai,63.47504232608945,1.5630748239523875,35.14803818793001,2,Raider,raider
Naveen Kumar,60.98230958132312,2.8589597093424954,35.075803109220175,2,Raider,raider
Pardeep Narwal,61.81202127436486,1.4811725664469124,34.684937879594806,6,Raider,raider
Sandeep Kandola,2.8603664731219407,81.11105091296812,37.38260489481543,1,"Defender, left corner",defender
Sumit,0.6593075501415815,79.49564871666215,34.77200960699249,1,"Defender, left corner",defender
