player_name,defense_points,offense_points,overall_points,tag
Manjeet,1.16,78.0,97.0,allrounder
Naveen Kumar,0.115,173.0,176.0,raider
Sachin,0.58,159.0,173.0,raider
Pardeep Narwal,0.0733333333333333,171.66666666666666,172.83333333333334,raider
Siddharth Sirish Desai,0.07,165.5,168.5,raider
Nitesh Kumar,3.086666666666668,0.6666666666666666,62.66666666666666,defender
Jaideep,2.7,0.0,56.66666666666666,defender
