player_name,offense_points,defense_points,overall_points,total_seasons,primary_position,tag
Naveen Kumar,60.98230958132312,2.8589597093424954,35.075803109220175,2,Raider,raider
Rahul Chaudhari,51.76901682173421,12.26562531390936,33.17870393129963,7,Raider,raider
Manjeet Chhillar,11.281003204176203,65.26306808445725,34.95367187588699,7,All Rounder,allrounder
Siddharth Sirish Desai,63.47504232608945,1.5630748239523875,35.14803818793001,2,Raider,raider
Sumit,0.6593075501415815,79.49564871666215,34.77200960699249,1,"Defender, left corner",defender
Sandeep Kandola,2.8603664731219407,81.11105091296812,37.38260489481543,1,"Defender, left corner",defender
Fazel Atrachali,0.1992565809049682,64.74807244095638,28.589591048672272,6,"Defender, left corner",defender
