player_name,offense_points,defense_points,overall_points,total_seasons,primary_position,tag
Sachin,53.98145556894224,12.25002409110429,35.869285630956284,1,Raider,raider
Po Surjeet Singh,0.4766865202597324,68.87464623449318,30.53728106938085,5,"Defender, right cover",defender
Sumit,0.6593075501415815,79.49564871666215,34.77200960699249,1,"Defender, left corner",defender
Maninder Singh,60.57185057465176,3.035868981200984,34.562329014753026,4,Raider,raider
Sandeep Narwal,12.567396417628435,53.80671368318042,30.676628167307676,7,All Rounder,allrounder
Naveen Kumar,60.98230958132312,2.8589597093424954,35.075803109220175,2,Raider,raider
Sandeep Kandola,2.8603664731219407,81.11105091296812,37.38260489481543,1,"Defender, left corner",defender
