player_name,offense_points,defense_points,overall_points,total_seasons,primary_position,tag
Sumit,0.6593075501415815,79.49564871666215,34.77200960699249,1,"Defender, left corner",defender
Naveen Kumar,60.98230958132312,2.8589597093424954,35.075803109220175,2,Raider,raider
Sandeep Kandola,2.8603664731219407,81.11105091296812,37.38260489481543,1,"Defender, left corner",defender
Siddharth Sirish Desai,63.47504232608945,1.5630748239523875,35.14803818793001,2,Raider,raider
Sachin,53.98145556894224,12.25002409110429,35.869285630956284,1,Raider,raider
Sandeep Kumar Dhull,0.0661889428915757,76.58853072217144,33.22286347578131,4,"Defender, left corner",defender
Manjeet Chhillar,11.281003204176203,65.26306808445725,34.95367187588699,7,All Rounder,allrounder
