player_name,defense_points,offense_points,overall_points,tag
Sachin,0.58,159.0,173.0,raider
Manjeet,1.16,78.0,97.0,allrounder
Mahender Singh,2.786666666666666,0.3333333333333333,55.0,defender
Pardeep Narwal,0.0733333333333333,171.66666666666666,172.83333333333334,raider
Jaideep,2.7,0.0,56.66666666666666,defender
Naveen Kumar,0.115,173.0,176.0,raider
Nitesh Kumar,3.086666666666668,0.6666666666666666,62.66666666666666,defender
